product	step	rc	started_at	ended_at	log
masteradmin	db-reset	0	2026-09-29T08:00:55Z	2026-09-29T08:01:23Z	logs/masteradmin-db-reset.txt
echange	db-reset	0	2026-09-29T08:01:23Z	2026-09-29T08:01:41Z	logs/echange-db-reset.txt
eexpense	db-reset	0	2026-09-29T08:01:41Z	2026-09-29T08:01:59Z	logs/eexpense-db-reset.txt
masteradmin	pgtap	0	2026-09-29T08:01:59Z	2026-09-29T08:02:03Z	logs/masteradmin-pgtap.txt
masteradmin	provisioning-golden	0	2026-09-29T08:02:03Z	2026-09-29T08:02:05Z	logs/masteradmin-provisioning-golden.txt
masteradmin	entitlement-sync-e2e	0	2026-09-29T08:02:05Z	2026-09-29T08:02:06Z	logs/masteradmin-entitlement-sync-e2e.txt
masteradmin	usage-x07	0	2026-09-29T08:02:06Z	2026-09-29T08:02:10Z	logs/masteradmin-usage-x07.txt
ecommerce	test-db	0	2026-09-29T08:02:10Z	2026-09-29T08:02:41Z	logs/ecommerce-test-db.txt
ecommerce	x07	0	2026-09-29T08:02:41Z	2026-09-29T08:02:41Z	logs/ecommerce-x07.txt
ewm	x07	0	2026-09-29T08:02:41Z	2026-09-29T08:02:45Z	logs/ewm-x07.txt
comerza	test-db	0	2026-09-29T08:02:45Z	2026-09-29T08:03:20Z	logs/comerza-test-db.txt
comerza	rebuild-scratch	0	2026-09-29T08:03:20Z	2026-09-29T08:03:54Z	logs/comerza-rebuild-scratch.txt
comerza	x07	0	2026-09-29T08:03:54Z	2026-09-29T08:03:56Z	logs/comerza-x07.txt
tms	x07	0	2026-09-29T08:03:56Z	2026-09-29T08:04:01Z	logs/tms-x07.txt
esupplier	sql-and-golden	0	2026-09-29T08:04:01Z	2026-09-29T08:04:06Z	logs/esupplier-sql-and-golden.txt
esupplier	x07	0	2026-09-29T08:04:06Z	2026-09-29T08:04:07Z	logs/esupplier-x07.txt
echange	pgtap	0	2026-09-29T08:04:08Z	2026-09-29T08:04:12Z	logs/echange-pgtap.txt
echange	golden-parity	0	2026-09-29T08:04:12Z	2026-09-29T08:04:16Z	logs/echange-golden-parity.txt
echange	x07	0	2026-09-29T08:04:16Z	2026-09-29T08:04:19Z	logs/echange-x07.txt
eexpense	pgtap	0	2026-09-29T08:04:19Z	2026-09-29T08:04:20Z	logs/eexpense-pgtap.txt
eexpense	golden	0	2026-09-29T08:04:20Z	2026-09-29T08:04:24Z	logs/eexpense-golden.txt
eexpense	x07	0	2026-09-29T08:04:24Z	2026-09-29T08:04:27Z	logs/eexpense-x07.txt
gmao	sql	0	2026-09-29T08:04:27Z	2026-09-29T08:05:11Z	logs/gmao-sql.txt
gmao	deno	0	2026-09-29T08:05:11Z	2026-09-29T08:05:12Z	logs/gmao-deno.txt
gmao	x07	0	2026-09-29T08:05:12Z	2026-09-29T08:05:23Z	logs/gmao-x07.txt
ewm	suite	0	2026-09-29T08:05:23Z	2026-09-29T08:05:23Z	logs/ewm-suite.txt.gz
tms	suite	0	2026-09-29T08:05:23Z	2026-09-29T08:05:23Z	logs/tms-suite.txt
